<?xml version="1.0" encoding="UTF-8" standalone="yes"?><annotation><filename>image21131.jpg</filename><object><bndbox><xmax>3838.1772</xmax><xmin>117.578156</xmin><ymax>2279.3572</ymax><ymin>591.48096</ymin></bndbox><cadmodelname></cadmodelname><id>1</id><name>Typlabel-China</name><partId></partId><segmentation><point><index>0</index><x>267.59723</x><y>619.02673</y></point><point><index>1</index><x>238.67406</x><y>618.7089</y></point><point><index>2</index><x>215.47195</x><y>621.56946</y></point><point><index>3</index><x>196.0839</x><y>627.2905</y></point><point><index>4</index><x>178.60286</x><y>635.55426</y></point><point><index>5</index><x>162.07533</x><y>646.3607</y></point><point><index>6</index><x>145.5478</x><y>663.84174</y></point><point><index>7</index><x>134.74135</x><y>681.6406</y></point><point><index>8</index><x>124.888405</x><y>700.7109</y></point><point><index>9</index><x>121.392204</x><y>717.23834</y></point><point><index>10</index><x>117.578156</x><y>730.5875</y></point><point><index>11</index><x>123.61325</x><y>2171.2158</y></point><point><index>12</index><x>126.36837</x><y>2194.3425</y></point><point><index>13</index><x>136.5957</x><y>2217.9932</y></point><point><index>14</index><x>148.74068</x><y>2235.891</y></point><point><index>15</index><x>164.08168</x><y>2251.8713</y></point><point><index>16</index><x>179.4227</x><y>2264.016</y></point><point><index>17</index><x>198.59895</x><y>2272.965</y></point><point><index>18</index><x>214.57918</x><y>2278.718</y></point><point><index>19</index><x>231.19861</x><y>2279.3572</y></point><point><index>20</index><x>2058.746</x><y>2274.7712</y></point><point><index>21</index><x>3720.009</x><y>2262.2004</y></point><point><index>22</index><x>3742.1702</x><y>2260.388</y></point><point><index>23</index><x>3755.6924</x><y>2254.979</y></point><point><index>24</index><x>3780.032</x><y>2243.7104</y></point><point><index>25</index><x>3801.6675</x><y>2229.7378</y></point><point><index>26</index><x>3814.7388</x><y>2213.5112</y></point><point><index>27</index><x>3822.4014</x><y>2202.6934</y></point><point><index>28</index><x>3827.8103</x><y>2191.425</y></point><point><index>29</index><x>3833.67</x><y>2180.6074</y></point><point><index>30</index><x>3835.473</x><y>2169.3389</y></point><point><index>31</index><x>3838.1772</x><y>2151.3093</y></point><point><index>32</index><x>3829.6165</x><y>698.86804</y></point><point><index>33</index><x>3821.946</x><y>668.18604</y></point><point><index>34</index><x>3811.0793</x><y>648.37054</y></point><point><index>35</index><x>3800.852</x><y>634.94714</y></point><point><index>36</index><x>3790.6248</x><y>620.8846</y></point><point><index>37</index><x>3763.778</x><y>606.82196</y></point><point><index>38</index><x>3743.3232</x><y>596.5946</y></point><point><index>39</index><x>3709.4453</x><y>591.48096</y></point><point><index>40</index><x>1899.7361</x><y>597.2802</y></point></segmentation></object><segmented>1</segmented><size><depth>3</depth><height>3024</height><width>4032</width></size><source><database>labelingtool/125-ISI-Typlabelchina-Schilder</database></source></annotation>