<?xml version="1.0" encoding="UTF-8" standalone="yes"?><annotation><filename>image21125.jpg</filename><object><bndbox><xmax>3926.6467</xmax><xmin>114.419846</xmin><ymax>2516.8887</ymax><ymin>778.6484</ymin></bndbox><cadmodelname></cadmodelname><id>1</id><name>Typlabel-China</name><partId></partId><segmentation><point><index>0</index><x>292.7264</x><y>798.9744</y></point><point><index>1</index><x>229.159</x><y>800.5636</y></point><point><index>2</index><x>205.32123</x><y>805.3312</y></point><point><index>3</index><x>184.97966</x><y>812.6414</y></point><point><index>4</index><x>164.32025</x><y>824.40137</y></point><point><index>5</index><x>144.93219</x><y>842.20026</y></point><point><index>6</index><x>132.53656</x><y>860.31696</y></point><point><index>7</index><x>119.50523</x><y>890.5115</y></point><point><index>8</index><x>115.05552</x><y>907.039</y></point><point><index>9</index><x>114.419846</x><y>932.466</y></point><point><index>10</index><x>146.20639</x><y>2402.4705</y></point><point><index>11</index><x>150.68086</x><y>2425.482</y></point><point><index>12</index><x>160.90819</x><y>2449.1326</y></point><point><index>13</index><x>173.69237</x><y>2467.6697</y></point><point><index>14</index><x>190.3118</x><y>2486.2068</y></point><point><index>15</index><x>203.73518</x><y>2494.5164</y></point><point><index>16</index><x>230.58194</x><y>2506.0222</y></point><point><index>17</index><x>249.75821</x><y>2513.0535</y></point><point><index>18</index><x>271.4913</x><y>2516.8887</y></point><point><index>19</index><x>2186.716</x><y>2486.132</y></point><point><index>20</index><x>3795.3975</x><y>2444.1353</y></point><point><index>21</index><x>3812.3567</x><y>2443.3977</y></point><point><index>22</index><x>3836.6895</x><y>2438.9736</y></point><point><index>23</index><x>3855.8606</x><y>2432.706</y></point><point><index>24</index><x>3876.5066</x><y>2420.9084</y></point><point><index>25</index><x>3894.5718</x><y>2402.106</y></point><point><index>26</index><x>3907.8442</x><y>2386.6216</y></point><point><index>27</index><x>3917.061</x><y>2367.8188</y></point><point><index>28</index><x>3923.6973</x><y>2353.0718</y></point><point><index>29</index><x>3926.6467</x><y>2336.4814</y></point><point><index>30</index><x>3924.1985</x><y>893.93646</y></point><point><index>31</index><x>3921.3516</x><y>873.28174</y></point><point><index>32</index><x>3915.0776</x><y>854.45966</y></point><point><index>33</index><x>3906.7122</x><y>835.11475</y></point><point><index>34</index><x>3894.164</x><y>817.86115</y></point><point><index>35</index><x>3880.5703</x><y>806.88153</y></point><point><index>36</index><x>3861.7483</x><y>793.28784</y></point><point><index>37</index><x>3843.972</x><y>785.44525</y></point><point><index>38</index><x>3820.967</x><y>778.6484</y></point></segmentation></object><segmented>1</segmented><size><depth>3</depth><height>3024</height><width>4032</width></size><source><database>labelingtool/125-ISI-Typlabelchina-Schilder</database></source></annotation>