<?xml version="1.0" encoding="UTF-8" standalone="yes"?><annotation><filename>image21129.jpg</filename><object><bndbox><xmax>3895.794</xmax><xmin>96.77324</xmin><ymax>2437.5022</ymax><ymin>721.71387</ymin></bndbox><cadmodelname></cadmodelname><id>1</id><name>Typlabel-China</name><partId></partId><segmentation><point><index>0</index><x>243.63844</x><y>721.71387</y></point><point><index>1</index><x>199.20241</x><y>723.3165</y></point><point><index>2</index><x>170.60544</x><y>731.6356</y></point><point><index>3</index><x>150.84752</x><y>743.07446</y></point><point><index>4</index><x>134.72923</x><y>756.333</y></point><point><index>5</index><x>122.77049</x><y>770.3715</y></point><point><index>6</index><x>110.81175</x><y>788.56964</y></point><point><index>7</index><x>102.23266</x><y>809.8874</y></point><point><index>8</index><x>96.77324</x><y>838.4844</y></point><point><index>9</index><x>109.47832</x><y>2323.332</y></point><point><index>10</index><x>115.72736</x><y>2345.4297</y></point><point><index>11</index><x>126.21598</x><y>2367.996</y></point><point><index>12</index><x>146.23972</x><y>2388.9734</y></point><point><index>13</index><x>164.35641</x><y>2405.183</y></point><point><index>14</index><x>181.20178</x><y>2414.4004</y></point><point><index>15</index><x>198.36497</x><y>2420.4392</y></point><point><index>16</index><x>219.97789</x><y>2425.2068</y></point><point><index>17</index><x>227.60599</x><y>2426.796</y></point><point><index>18</index><x>2087.985</x><y>2437.5022</y></point><point><index>19</index><x>3762.555</x><y>2430.5757</y></point><point><index>20</index><x>3790.2297</x><y>2426.3752</y></point><point><index>21</index><x>3803.3013</x><y>2421.417</y></point><point><index>22</index><x>3828.0918</x><y>2410.5994</y></point><point><index>23</index><x>3847.9243</x><y>2395.2744</y></point><point><index>24</index><x>3863.2493</x><y>2377.2449</y></point><point><index>25</index><x>3876.3206</x><y>2351.5527</y></point><point><index>26</index><x>3882.6309</x><y>2327.213</y></point><point><index>27</index><x>3884.4338</x><y>2286.1958</y></point><point><index>28</index><x>3895.794</x><y>864.81744</y></point><point><index>29</index><x>3893.2515</x><y>848.2899</y></point><point><index>30</index><x>3888.484</x><y>833.03375</y></point><point><index>31</index><x>3879.902</x><y>815.87054</y></point><point><index>32</index><x>3873.8633</x><y>806.0176</y></point><point><index>33</index><x>3861.15</x><y>792.0328</y></point><point><index>34</index><x>3850.6611</x><y>783.1333</y></point><point><index>35</index><x>3831.7595</x><y>770.3016</y></point><point><index>36</index><x>3810.124</x><y>761.28687</y></point><point><index>37</index><x>3786.6858</x><y>756.7795</y></point><point><index>38</index><x>1713.9855</x><y>735.37494</y></point></segmentation></object><segmented>1</segmented><size><depth>3</depth><height>3024</height><width>4032</width></size><source><database>labelingtool/125-ISI-Typlabelchina-Schilder</database></source></annotation>