<?xml version="1.0" encoding="UTF-8" standalone="yes"?><annotation><filename>image21136.jpg</filename><object><bndbox><xmax>3909.537</xmax><xmin>137.79033</xmin><ymax>2347.0957</ymax><ymin>654.6496</ymin></bndbox><cadmodelname></cadmodelname><id>1</id><name>Typlabel-China</name><partId></partId><segmentation><point><index>0</index><x>268.31412</x><y>654.6496</y></point><point><index>1</index><x>239.07312</x><y>656.23883</y></point><point><index>2</index><x>218.73155</x><y>663.8669</y></point><point><index>3</index><x>199.66133</x><y>671.1771</y></point><point><index>4</index><x>184.40515</x><y>682.93713</y></point><point><index>5</index><x>172.96301</x><y>693.4257</y></point><point><index>6</index><x>164.06358</x><y>703.2787</y></point><point><index>7</index><x>158.02467</x><y>712.1781</y></point><point><index>8</index><x>150.07875</x><y>725.8451</y></point><point><index>9</index><x>145.94687</x><y>736.33374</y></point><point><index>10</index><x>142.45067</x><y>749.68286</y></point><point><index>11</index><x>139.90797</x><y>763.03204</y></point><point><index>12</index><x>139.42746</x><y>786.5136</y></point><point><index>13</index><x>137.79033</x><y>2226.9915</y></point><point><index>14</index><x>142.74844</x><y>2250.8806</y></point><point><index>15</index><x>154.46762</x><y>2274.3188</y></point><point><index>16</index><x>168.44048</x><y>2292.799</y></point><point><index>17</index><x>182.41333</x><y>2304.969</y></point><point><index>18</index><x>198.63988</x><y>2315.336</y></point><point><index>19</index><x>216.21864</x><y>2324.3508</y></point><point><index>20</index><x>235.14961</x><y>2329.7595</y></point><point><index>21</index><x>257.23575</x><y>2333.3655</y></point><point><index>22</index><x>2422.5408</x><y>2347.0957</y></point><point><index>23</index><x>3800.4587</x><y>2344.5369</y></point><point><index>24</index><x>3825.7</x><y>2338.6772</y></point><point><index>25</index><x>3846.8845</x><y>2329.6624</y></point><point><index>26</index><x>3867.1677</x><y>2315.6897</y></point><point><index>27</index><x>3882.493</x><y>2299.9138</y></point><point><index>28</index><x>3892.4092</x><y>2287.2932</y></point><point><index>29</index><x>3900.5225</x><y>2268.813</y></point><point><index>30</index><x>3905.9312</x><y>2257.0938</y></point><point><index>31</index><x>3909.537</x><y>2239.515</y></point><point><index>32</index><x>3906.9104</x><y>772.3338</y></point><point><index>33</index><x>3898.851</x><y>743.0189</y></point><point><index>34</index><x>3891.8318</x><y>728.2005</y></point><point><index>35</index><x>3886.1125</x><y>718.0616</y></point><point><index>36</index><x>3877.7932</x><y>708.7026</y></point><point><index>37</index><x>3866.3545</x><y>697.7837</y></point><point><index>38</index><x>3855.4358</x><y>689.98456</y></point><point><index>39</index><x>3840.8772</x><y>680.8855</y></point><point><index>40</index><x>3828.9185</x><y>675.946</y></point><point><index>41</index><x>3817.2197</x><y>671.2665</y></point><point><index>42</index><x>3800.3215</x><y>667.36694</y></point><point><index>43</index><x>3787.8428</x><y>667.10693</y></point><point><index>44</index><x>2135.2764</x><y>658.6542</y></point></segmentation></object><segmented>1</segmented><size><depth>3</depth><height>3024</height><width>4032</width></size><source><database>labelingtool/125-ISI-Typlabelchina-Schilder</database></source></annotation>