<?xml version="1.0" encoding="UTF-8" standalone="yes"?><annotation><filename>image21137.jpg</filename><object><bndbox><xmax>3831.3591</xmax><xmin>201.69543</xmin><ymax>2266.985</ymax><ymin>631.6899</ymin></bndbox><cadmodelname></cadmodelname><id>1</id><name>Typlabel-China</name><partId></partId><segmentation><point><index>0</index><x>337.3674</x><y>637.18774</y></point><point><index>1</index><x>299.05472</x><y>638.5399</y></point><point><index>2</index><x>272.4612</x><y>647.5547</y></point><point><index>3</index><x>257.58688</x><y>655.2172</y></point><point><index>4</index><x>240.45885</x><y>668.7393</y></point><point><index>5</index><x>225.58452</x><y>684.9659</y></point><point><index>6</index><x>216.56976</x><y>698.0373</y></point><point><index>7</index><x>208.90723</x><y>715.616</y></point><point><index>8</index><x>204.39986</x><y>731.39185</y></point><point><index>9</index><x>201.69543</x><y>748.06915</y></point><point><index>10</index><x>224.77632</x><y>2155.653</y></point><point><index>11</index><x>227.48074</x><y>2179.993</y></point><point><index>12</index><x>238.74918</x><y>2207.037</y></point><point><index>13</index><x>251.82056</x><y>2224.6157</y></point><point><index>14</index><x>268.94858</x><y>2240.3916</y></point><point><index>15</index><x>287.87955</x><y>2253.0122</y></point><point><index>16</index><x>308.61346</x><y>2261.1255</y></point><point><index>17</index><x>327.09372</x><y>2266.985</y></point><point><index>18</index><x>2146.733</x><y>2253.883</y></point><point><index>19</index><x>3716.1316</x><y>2229.0435</y></point><point><index>20</index><x>3736.4731</x><y>2226.183</y></point><point><index>21</index><x>3757.1326</x><y>2221.0977</y></point><point><index>22</index><x>3773.978</x><y>2211.8804</y></point><point><index>23</index><x>3786.6914</x><y>2203.6165</y></point><point><index>24</index><x>3799.0872</x><y>2192.4922</y></point><point><index>25</index><x>3808.6223</x><y>2180.0967</y></point><point><index>26</index><x>3816.568</x><y>2169.2903</y></point><point><index>27</index><x>3823.2427</x><y>2153.3984</y></point><point><index>28</index><x>3828.3281</x><y>2140.367</y></point><point><index>29</index><x>3830.553</x><y>2118.4363</y></point><point><index>30</index><x>3831.3591</x><y>733.5226</y></point><point><index>31</index><x>3826.8516</x><y>712.78864</y></point><point><index>32</index><x>3820.0906</x><y>698.36505</y></point><point><index>33</index><x>3810.625</x><y>681.23706</y></point><point><index>34</index><x>3801.6104</x><y>669.06714</y></point><point><index>35</index><x>3788.539</x><y>660.5031</y></point><point><index>36</index><x>3774.5662</x><y>649.2347</y></point><point><index>37</index><x>3756.086</x><y>643.3751</y></point><point><index>38</index><x>3731.746</x><y>636.1633</y></point><point><index>39</index><x>1790.8043</x><y>631.6899</y></point></segmentation></object><segmented>1</segmented><size><depth>3</depth><height>3024</height><width>4032</width></size><source><database>labelingtool/125-ISI-Typlabelchina-Schilder</database></source></annotation>