<?xml version="1.0" encoding="UTF-8" standalone="yes"?><annotation><filename>image21126.jpg</filename><object><bndbox><xmax>3858.432</xmax><xmin>188.45683</xmin><ymax>2598.7292</ymax><ymin>959.7723</ymin></bndbox><cadmodelname></cadmodelname><id>1</id><name>Typlabel-China</name><partId></partId><segmentation><point><index>0</index><x>312.2931</x><y>963.6369</y></point><point><index>1</index><x>289.16293</x><y>969.8323</y></point><point><index>2</index><x>271.9043</x><y>980.05963</y></point><point><index>3</index><x>252.72803</x><y>996.03986</y></point><point><index>4</index><x>238.02621</x><y>1010.74164</y></point><point><index>5</index><x>227.15967</x><y>1031.8356</y></point><point><index>6</index><x>219.48917</x><y>1049.7334</y></point><point><index>7</index><x>216.29312</x><y>1067.6312</y></point><point><index>8</index><x>188.45683</x><y>2471.2844</y></point><point><index>9</index><x>190.64198</x><y>2490.283</y></point><point><index>10</index><x>200.10747</x><y>2515.0735</y></point><point><index>11</index><x>210.92517</x><y>2533.103</y></point><point><index>12</index><x>220.39066</x><y>2544.8223</y></point><point><index>13</index><x>234.36351</x><y>2556.9922</y></point><point><index>14</index><x>248.78711</x><y>2566.0068</y></point><point><index>15</index><x>269.0703</x><y>2574.571</y></point><point><index>16</index><x>287.06223</x><y>2579.2349</y></point><point><index>17</index><x>299.8464</x><y>2582.431</y></point><point><index>18</index><x>2152.4216</x><y>2598.7292</y></point><point><index>19</index><x>3751.419</x><y>2591.4304</y></point><point><index>20</index><x>3778.019</x><y>2585.4531</y></point><point><index>21</index><x>3794.8645</x><y>2576.8716</y></point><point><index>22</index><x>3814.5703</x><y>2565.7473</y></point><point><index>23</index><x>3829.8264</x><y>2551.7625</y></point><point><index>24</index><x>3838.0903</x><y>2540.0024</y></point><point><index>25</index><x>3846.9897</x><y>2522.5215</y></point><point><index>26</index><x>3852.0752</x><y>2511.397</y></point><point><index>27</index><x>3858.432</x><y>2491.6912</y></point><point><index>28</index><x>3825.8774</x><y>1063.4419</y></point><point><index>29</index><x>3822.2715</x><y>1044.5109</y></point><point><index>30</index><x>3816.8628</x><y>1028.7351</y></point><point><index>31</index><x>3804.242</x><y>1008.4519</y></point><point><index>32</index><x>3785.311</x><y>989.0702</y></point><point><index>33</index><x>3768.6338</x><y>979.60474</y></point><point><index>34</index><x>3745.1956</x><y>966.9841</y></point><point><index>35</index><x>3717.7004</x><y>959.7723</y></point><point><index>36</index><x>2151.15</x><y>962.899</y></point></segmentation></object><segmented>1</segmented><size><depth>3</depth><height>3024</height><width>4032</width></size><source><database>labelingtool/125-ISI-Typlabelchina-Schilder</database></source></annotation>