<?xml version="1.0" encoding="UTF-8" standalone="yes"?><annotation><filename>image21130.jpg</filename><object><bndbox><xmax>3826.9563</xmax><xmin>148.1944</xmin><ymax>2427.4556</ymax><ymin>761.1805</ymin></bndbox><cadmodelname></cadmodelname><id>1</id><name>Typlabel-China</name><partId></partId><segmentation><point><index>0</index><x>262.23096</x><y>801.8901</y></point><point><index>1</index><x>235.63747</x><y>804.59454</y></point><point><index>2</index><x>209.94543</x><y>815.863</y></point><point><index>3</index><x>187.40855</x><y>832.0895</y></point><point><index>4</index><x>171.182</x><y>849.6683</y></point><point><index>5</index><x>160.81505</x><y>867.69775</y></point><point><index>6</index><x>149.99734</x><y>894.29126</y></point><point><index>7</index><x>148.1944</x><y>910.5178</y></point><point><index>8</index><x>153.68765</x><y>2324.6875</y></point><point><index>9</index><x>159.54724</x><y>2352.1824</y></point><point><index>10</index><x>168.56198</x><y>2374.2686</y></point><point><index>11</index><x>182.98558</x><y>2391.8474</y></point><point><index>12</index><x>199.21213</x><y>2405.3694</y></point><point><index>13</index><x>214.98795</x><y>2415.2856</y></point><point><index>14</index><x>230.76375</x><y>2422.4976</y></point><point><index>15</index><x>243.83514</x><y>2427.4556</y></point><point><index>16</index><x>2212.8628</x><y>2424.7039</y></point><point><index>17</index><x>3712.018</x><y>2403.1753</y></point><point><index>18</index><x>3731.4</x><y>2401.3723</y></point><point><index>19</index><x>3753.9368</x><y>2394.6113</y></point><point><index>20</index><x>3772.8677</x><y>2385.1458</y></point><point><index>21</index><x>3788.1929</x><y>2370.7222</y></point><point><index>22</index><x>3803.9685</x><y>2353.5942</y></point><point><index>23</index><x>3812.0818</x><y>2337.3677</y></point><point><index>24</index><x>3821.0967</x><y>2319.7888</y></point><point><index>25</index><x>3826.0547</x><y>2300.4072</y></point><point><index>26</index><x>3826.9563</x><y>2289.5894</y></point><point><index>27</index><x>3811.9543</x><y>876.66284</y></point><point><index>28</index><x>3809.2498</x><y>851.8723</y></point><point><index>29</index><x>3800.6858</x><y>829.33545</y></point><point><index>30</index><x>3788.0652</x><y>810.4045</y></point><point><index>31</index><x>3777.2476</x><y>799.13605</y></point><point><index>32</index><x>3761.217</x><y>781.7489</y></point><point><index>33</index><x>3731.65</x><y>768.8936</y></point><point><index>34</index><x>3704.654</x><y>761.1805</y></point><point><index>35</index><x>1792.7417</x><y>781.91846</y></point></segmentation></object><segmented>1</segmented><size><depth>3</depth><height>3024</height><width>4032</width></size><source><database>labelingtool/125-ISI-Typlabelchina-Schilder</database></source></annotation>