<?xml version="1.0" encoding="UTF-8" standalone="yes"?><annotation><filename>image21139.jpg</filename><object><bndbox><xmax>3953.7153</xmax><xmin>110.56348</xmin><ymax>1950.0378</ymax><ymin>164.75635</ymin></bndbox><cadmodelname></cadmodelname><id>1</id><name>Typlabel-China</name><partId></partId><segmentation><point><index>0</index><x>284.37</x><y>166.02644</y></point><point><index>1</index><x>243.72693</x><y>164.75635</y></point><point><index>2</index><x>215.46729</x><y>169.83673</y></point><point><index>3</index><x>190.70042</x><y>179.04492</y></point><point><index>4</index><x>163.71089</x><y>197.77884</y></point><point><index>5</index><x>148.78726</x><y>214.29008</y></point><point><index>6</index><x>132.27602</x><y>237.78687</y></point><point><index>7</index><x>125.60802</x><y>256.52078</y></point><point><index>8</index><x>122.11525</x><y>273.34955</y></point><point><index>9</index><x>120.52763</x><y>298.1164</y></point><point><index>10</index><x>110.56348</x><y>1816.6143</y></point><point><index>11</index><x>114.16259</x><y>1841.9749</y></point><point><index>12</index><x>122.06564</x><y>1864.5212</y></point><point><index>13</index><x>134.83722</x><y>1886.8715</y></point><point><index>14</index><x>150.63635</x><y>1903.2148</y></point><point><index>15</index><x>171.34985</x><y>1915.823</y></point><point><index>16</index><x>191.61305</x><y>1926.1798</y></point><point><index>17</index><x>219.08096</x><y>1933.8347</y></point><point><index>18</index><x>234.45555</x><y>1934.1263</y></point><point><index>19</index><x>2068.941</x><y>1949.6843</y></point><point><index>20</index><x>3835.527</x><y>1950.0378</y></point><point><index>21</index><x>3847.2754</x><y>1950.0378</y></point><point><index>22</index><x>3865.0566</x><y>1946.545</y></point><point><index>23</index><x>3889.506</x><y>1938.2894</y></point><point><index>24</index><x>3906.6523</x><y>1924.9534</y></point><point><index>25</index><x>3920.6235</x><y>1911.9349</y></point><point><index>26</index><x>3931.7368</x><y>1897.6464</y></point><point><index>27</index><x>3938.4048</x><y>1883.9928</y></point><point><index>28</index><x>3944.12</x><y>1870.0217</y></point><point><index>29</index><x>3950.5225</x><y>1852.1295</y></point><point><index>30</index><x>3953.7153</x><y>1829.1406</y></point><point><index>31</index><x>3943.0107</x><y>410.32</y></point><point><index>32</index><x>3942.2864</x><y>400.22406</y></point><point><index>33</index><x>3938.235</x><y>385.1232</y></point><point><index>34</index><x>3932.342</x><y>367.4441</y></point><point><index>35</index><x>3924.6074</x><y>351.9749</y></point><point><index>36</index><x>3915.3994</x><y>341.6621</y></point><point><index>37</index><x>3904.7185</x><y>327.29785</y></point><point><index>38</index><x>3887.0393</x><y>314.77518</y></point><point><index>39</index><x>3873.0435</x><y>307.40887</y></point><point><index>40</index><x>3853.1543</x><y>300.41092</y></point><point><index>41</index><x>3834.7388</x><y>297.0961</y></point><point><index>42</index><x>1895.4164</x><y>228.64114</y></point></segmentation></object><segmented>1</segmented><size><depth>3</depth><height>2546</height><width>4028</width></size><source><database>labelingtool/125-ISI-Typlabelchina-Schilder</database></source></annotation>