<?xml version="1.0" encoding="UTF-8" standalone="yes"?><annotation><filename>image21133.jpg</filename><object><bndbox><xmax>3952.3713</xmax><xmin>118.40175</xmin><ymax>2224.039</ymax><ymin>487.86728</ymin></bndbox><cadmodelname></cadmodelname><id>1</id><name>Typlabel-China</name><partId></partId><segmentation><point><index>0</index><x>263.90256</x><y>507.71124</y></point><point><index>1</index><x>221.92093</x><y>509.87204</y></point><point><index>2</index><x>197.58821</x><y>519.82635</y></point><point><index>3</index><x>175.09889</x><y>530.1493</y></point><point><index>4</index><x>156.66502</x><y>546.7398</y></point><point><index>5</index><x>145.97337</x><y>560.01215</y></point><point><index>6</index><x>135.6504</x><y>576.234</y></point><point><index>7</index><x>127.539505</x><y>593.5618</y></point><point><index>8</index><x>122.7467</x><y>608.3089</y></point><point><index>9</index><x>120.90331</x><y>627.48016</y></point><point><index>10</index><x>118.40175</x><y>2110.8992</y></point><point><index>11</index><x>124.79384</x><y>2140.3027</y></point><point><index>12</index><x>138.85643</x><y>2169.0671</y></point><point><index>13</index><x>151.64061</x><y>2182.4905</y></point><point><index>14</index><x>167.62082</x><y>2196.5532</y></point><point><index>15</index><x>184.87946</x><y>2206.7805</y></point><point><index>16</index><x>202.7773</x><y>2217.0078</y></point><point><index>17</index><x>231.5417</x><y>2224.039</y></point><point><index>18</index><x>2169.249</x><y>2214.3408</y></point><point><index>19</index><x>3842.8423</x><y>2195.0056</y></point><point><index>20</index><x>3867.6328</x><y>2188.6953</y></point><point><index>21</index><x>3893.3247</x><y>2176.976</y></point><point><index>22</index><x>3906.847</x><y>2167.0598</y></point><point><index>23</index><x>3916.7632</x><y>2158.0452</y></point><point><index>24</index><x>3926.6794</x><y>2147.6782</y></point><point><index>25</index><x>3932.9897</x><y>2136.4097</y></point><point><index>26</index><x>3941.103</x><y>2123.3384</y></point><point><index>27</index><x>3947.4133</x><y>2109.3655</y></point><point><index>28</index><x>3952.3713</x><y>2075.56</y></point><point><index>29</index><x>3941.8767</x><y>1195.6322</y></point><point><index>30</index><x>3932.8618</x><y>600.72284</y></point><point><index>31</index><x>3927.4531</x><y>577.2845</y></point><point><index>32</index><x>3921.5935</x><y>560.15643</y></point><point><index>33</index><x>3909.8743</x><y>543.02844</y></point><point><index>34</index><x>3899.5073</x><y>529.95703</y></point><point><index>35</index><x>3884.1821</x><y>514.1812</y></point><point><index>36</index><x>3862.989</x><y>501.049</y></point><point><index>37</index><x>3834.864</x><y>490.18246</y></point><point><index>38</index><x>3796.7686</x><y>487.86728</y></point><point><index>39</index><x>1827.1418</x><y>491.9833</y></point></segmentation></object><segmented>1</segmented><size><depth>3</depth><height>3024</height><width>4032</width></size><source><database>labelingtool/125-ISI-Typlabelchina-Schilder</database></source></annotation>