<?xml version="1.0" encoding="UTF-8" standalone="yes"?><annotation><filename>image21135.jpg</filename><object><bndbox><xmax>3972.5142</xmax><xmin>162.16972</xmin><ymax>2324.073</ymax><ymin>594.55963</ymin></bndbox><cadmodelname></cadmodelname><id>1</id><name>Typlabel-China</name><partId></partId><segmentation><point><index>0</index><x>313.647</x><y>618.3832</y></point><point><index>1</index><x>276.68655</x><y>619.7354</y></point><point><index>2</index><x>246.0364</x><y>629.20087</y></point><point><index>3</index><x>222.59805</x><y>641.82153</y></point><point><index>4</index><x>206.3715</x><y>653.5407</y></point><point><index>5</index><x>193.75087</x><y>669.7673</y></point><point><index>6</index><x>184.28537</x><y>683.28937</y></point><point><index>7</index><x>176.62283</x><y>699.5159</y></point><point><index>8</index><x>171.66473</x><y>716.19324</y></point><point><index>9</index><x>168.50957</x><y>733.772</y></point><point><index>10</index><x>162.16972</x><y>2210.3708</y></point><point><index>11</index><x>166.16748</x><y>2234.7607</y></point><point><index>12</index><x>175.38475</x><y>2257.645</y></point><point><index>13</index><x>184.60202</x><y>2273.219</y></point><point><index>14</index><x>196.67982</x><y>2285.9324</y></point><point><index>15</index><x>207.16846</x><y>2296.1033</y></point><point><index>16</index><x>217.33923</x><y>2304.049</y></point><point><index>17</index><x>231.32407</x><y>2310.406</y></point><point><index>18</index><x>246.89807</x><y>2317.716</y></point><point><index>19</index><x>264.69696</x><y>2321.5303</y></point><point><index>20</index><x>278.36395</x><y>2324.073</y></point><point><index>21</index><x>302.20172</x><y>2322.8015</y></point><point><index>22</index><x>2280.7258</x><y>2315.6328</y></point><point><index>23</index><x>3854.3655</x><y>2296.7063</y></point><point><index>24</index><x>3868.668</x><y>2295.435</y></point><point><index>25</index><x>3893.4595</x><y>2289.0781</y></point><point><index>26</index><x>3909.669</x><y>2281.768</y></point><point><index>27</index><x>3927.468</x><y>2270.008</y></point><point><index>28</index><x>3938.9102</x><y>2258.566</y></point><point><index>29</index><x>3954.4841</x><y>2239.4956</y></point><point><index>30</index><x>3965.9263</x><y>2211.526</y></point><point><index>31</index><x>3972.283</x><y>2188.6416</y></point><point><index>32</index><x>3972.5142</x><y>2131.353</y></point><point><index>33</index><x>3955.3887</x><y>706.26135</y></point><point><index>34</index><x>3951.5767</x><y>688.9107</y></point><point><index>35</index><x>3946.6372</x><y>671.7525</y></point><point><index>36</index><x>3940.918</x><y>660.3137</y></point><point><index>37</index><x>3931.0388</x><y>644.97534</y></point><point><index>38</index><x>3923.2397</x><y>635.0964</y></point><point><index>39</index><x>3915.1807</x><y>627.5572</y></point><point><index>40</index><x>3905.5615</x><y>618.9781</y></point><point><index>41</index><x>3889.7034</x><y>609.3591</y></point><point><index>42</index><x>3871.7651</x><y>601.55994</y></point><point><index>43</index><x>3853.3071</x><y>595.8405</y></point><point><index>44</index><x>3818.2874</x><y>594.55963</y></point><point><index>45</index><x>1871.2567</x><y>604.21515</y></point></segmentation></object><segmented>1</segmented><size><depth>3</depth><height>3024</height><width>4032</width></size><source><database>labelingtool/125-ISI-Typlabelchina-Schilder</database></source></annotation>