<?xml version="1.0" encoding="UTF-8" standalone="yes"?><annotation><filename>image21127.jpg</filename><object><bndbox><xmax>3906.9543</xmax><xmin>189.67851</xmin><ymax>2510.4343</ymax><ymin>811.7879</ymin></bndbox><cadmodelname></cadmodelname><id>1</id><name>Typlabel-China</name><partId></partId><segmentation><point><index>0</index><x>318.4025</x><y>832.5915</y></point><point><index>1</index><x>289.47934</x><y>835.452</y></point><point><index>2</index><x>261.19183</x><y>845.6228</y></point><point><index>3</index><x>247.52484</x><y>852.29736</y></point><point><index>4</index><x>232.90434</x><y>863.1038</y></point><point><index>5</index><x>219.55519</x><y>876.453</y></point><point><index>6</index><x>207.15955</x><y>893.6162</y></point><point><index>7</index><x>199.21362</x><y>907.601</y></point><point><index>8</index><x>193.49255</x><y>925.3999</y></point><point><index>9</index><x>189.67851</x><y>950.50903</y></point><point><index>10</index><x>218.39377</x><y>2405.604</y></point><point><index>11</index><x>226.5839</x><y>2434.9006</y></point><point><index>12</index><x>239.48766</x><y>2457.38</y></point><point><index>13</index><x>271.4481</x><y>2488.062</y></point><point><index>14</index><x>297.01645</x><y>2500.2068</y></point><point><index>15</index><x>330.2553</x><y>2510.4343</y></point><point><index>16</index><x>2235.6118</x><y>2477.532</y></point><point><index>17</index><x>3797.4043</x><y>2435.0837</y></point><point><index>18</index><x>3814.658</x><y>2431.9468</y></point><point><index>19</index><x>3828.2517</x><y>2426.7185</y></point><point><index>20</index><x>3849.165</x><y>2417.3074</y></point><point><index>21</index><x>3866.4187</x><y>2403.1907</y></point><point><index>22</index><x>3877.3982</x><y>2391.1655</y></point><point><index>23</index><x>3889.9463</x><y>2376.0034</y></point><point><index>24</index><x>3901.9717</x><y>2346.2017</y></point><point><index>25</index><x>3904.5857</x><y>2335.2222</y></point><point><index>26</index><x>3906.9543</x><y>913.8791</y></point><point><index>27</index><x>3903.7952</x><y>889.77136</y></point><point><index>28</index><x>3892.2893</x><y>869.95593</y></point><point><index>29</index><x>3877.5874</x><y>850.14044</y></point><point><index>30</index><x>3856.4937</x><y>830.32495</y></point><point><index>31</index><x>3828.8389</x><y>817.7076</y></point><point><index>32</index><x>3805.996</x><y>811.7879</y></point><point><index>33</index><x>1896.6455</x><y>825.6831</y></point></segmentation></object><segmented>1</segmented><size><depth>3</depth><height>3024</height><width>4032</width></size><source><database>labelingtool/125-ISI-Typlabelchina-Schilder</database></source></annotation>