<?xml version="1.0" encoding="UTF-8" standalone="yes"?><annotation><filename>image21128.jpg</filename><object><bndbox><xmax>3883.4487</xmax><xmin>81.96186</xmin><ymax>2500.924</ymax><ymin>801.9844</ymin></bndbox><cadmodelname></cadmodelname><id>1</id><name>Typlabel-China</name><partId></partId><segmentation><point><index>0</index><x>234.69899</x><y>801.9844</y></point><point><index>1</index><x>198.9033</x><y>807.73724</y></point><point><index>2</index><x>168.22128</x><y>822.439</y></point><point><index>3</index><x>147.1274</x><y>839.6977</y></point><point><index>4</index><x>134.98244</x><y>855.0387</y></point><point><index>5</index><x>123.47668</x><y>873.57574</y></point><point><index>6</index><x>116.44538</x><y>892.1128</y></point><point><index>7</index><x>113.24934</x><y>909.3714</y></point><point><index>8</index><x>81.96186</x><y>2385.0535</y></point><point><index>9</index><x>83.49574</x><y>2397.6904</y></point><point><index>10</index><x>85.720604</x><y>2410.722</y></point><point><index>11</index><x>90.80599</x><y>2421.5283</y></point><point><index>12</index><x>98.75192</x><y>2437.738</y></point><point><index>13</index><x>107.96919</x><y>2450.4514</y></point><point><index>14</index><x>122.90753</x><y>2465.072</y></point><point><index>15</index><x>135.62102</x><y>2475.5605</y></point><point><index>16</index><x>153.10205</x><y>2484.46</y></point><point><index>17</index><x>173.44362</x><y>2490.817</y></point><point><index>18</index><x>190.60681</x><y>2497.1736</y></point><point><index>19</index><x>2128.1924</x><y>2500.924</y></point><point><index>20</index><x>3770.444</x><y>2489.171</y></point><point><index>21</index><x>3790.146</x><y>2485.568</y></point><point><index>22</index><x>3801.8652</x><y>2481.9622</y></point><point><index>23</index><x>3823.9514</x><y>2473.8489</y></point><point><index>24</index><x>3836.572</x><y>2465.285</y></point><point><index>25</index><x>3851.8972</x><y>2449.0583</y></point><point><index>26</index><x>3864.0671</x><y>2433.7332</y></point><point><index>27</index><x>3872.631</x><y>2417.056</y></point><point><index>28</index><x>3878.0398</x><y>2398.5757</y></point><point><index>29</index><x>3883.4487</x><y>2375.1375</y></point><point><index>30</index><x>3863.9736</x><y>933.4274</y></point><point><index>31</index><x>3861.7615</x><y>916.837</y></point><point><index>32</index><x>3856.2314</x><y>897.6657</y></point><point><index>33</index><x>3845.9084</x><y>877.75714</y></point><point><index>34</index><x>3834.1108</x><y>862.64136</y></point><point><index>35</index><x>3816.4143</x><y>847.1569</y></point><point><index>36</index><x>3796.137</x><y>834.6219</y></point><point><index>37</index><x>3776.3042</x><y>825.28235</y></point><point><index>38</index><x>3749.1167</x><y>822.1453</y></point><point><index>39</index><x>1943.8176</x><y>812.5845</y></point></segmentation></object><segmented>1</segmented><size><depth>3</depth><height>3024</height><width>4032</width></size><source><database>labelingtool/125-ISI-Typlabelchina-Schilder</database></source></annotation>