<?xml version="1.0" encoding="UTF-8" standalone="yes"?><annotation><filename>image21124.jpg</filename><object><bndbox><xmax>3907.1643</xmax><xmin>192.29886</xmin><ymax>2557.5588</ymax><ymin>885.5718</ymin></bndbox><cadmodelname></cadmodelname><id>1</id><name>Typlabel-China</name><partId></partId><segmentation><point><index>0</index><x>332.82007</x><y>885.5718</y></point><point><index>1</index><x>313.11417</x><y>887.4788</y></point><point><index>2</index><x>292.13693</x><y>893.8356</y></point><point><index>3</index><x>271.4775</x><y>905.2777</y></point><point><index>4</index><x>255.58568</x><y>916.7198</y></point><point><index>5</index><x>241.283</x><y>930.70465</y></point><point><index>6</index><x>228.88736</x><y>947.55</y></point><point><index>7</index><x>221.57712</x><y>964.7132</y></point><point><index>8</index><x>213.94902</x><y>989.18665</y></point><point><index>9</index><x>192.29886</x><y>2445.0447</y></point><point><index>10</index><x>194.20587</x><y>2462.5256</y></point><point><index>11</index><x>200.24478</x><y>2480.9602</y></point><point><index>12</index><x>206.60152</x><y>2495.263</y></point><point><index>13</index><x>215.81879</x><y>2511.4727</y></point><point><index>14</index><x>234.57118</x><y>2529.907</y></point><point><index>15</index><x>253.95923</x><y>2542.6206</y></point><point><index>16</index><x>275.88998</x><y>2551.2021</y></point><point><index>17</index><x>297.18506</x><y>2557.5588</y></point><point><index>18</index><x>1938.4348</x><y>2556.9136</y></point><point><index>19</index><x>3772.2285</x><y>2531.8237</y></point><point><index>20</index><x>3792.5059</x><y>2531.8237</y></point><point><index>21</index><x>3809.4648</x><y>2529.9805</y></point><point><index>22</index><x>3830.4795</x><y>2524.4502</y></point><point><index>23</index><x>3849.6506</x><y>2515.2332</y></point><point><index>24</index><x>3868.0847</x><y>2501.961</y></point><point><index>25</index><x>3886.15</x><y>2480.5776</y></point><point><index>26</index><x>3896.8416</x><y>2461.7751</y></point><point><index>27</index><x>3901.6343</x><y>2441.8665</y></point><point><index>28</index><x>3907.1643</x><y>2415.3218</y></point><point><index>29</index><x>3882.947</x><y>1009.07587</y></point><point><index>30</index><x>3877.577</x><y>986.98303</y></point><point><index>31</index><x>3871.303</x><y>972.86646</y></point><point><index>32</index><x>3863.4604</x><y>958.7499</y></point><point><index>33</index><x>3851.435</x><y>944.1105</y></point><point><index>34</index><x>3833.6587</x><y>930.5167</y></point><point><index>35</index><x>3813.791</x><y>919.01434</y></point><point><index>36</index><x>3779.8066</x><y>908.5576</y></point></segmentation></object><segmented>1</segmented><size><depth>3</depth><height>3024</height><width>4032</width></size><source><database>labelingtool/125-ISI-Typlabelchina-Schilder</database></source></annotation>