<?xml version="1.0" encoding="UTF-8" standalone="yes"?><annotation><filename>image21134.jpg</filename><object><bndbox><xmax>3963.2615</xmax><xmin>101.06943</xmin><ymax>2406.98</ymax><ymin>634.4499</ymin></bndbox><cadmodelname></cadmodelname><id>1</id><name>Typlabel-China</name><partId></partId><segmentation><point><index>0</index><x>260.2597</x><y>679.50775</y></point><point><index>1</index><x>223.3906</x><y>680.14343</y></point><point><index>2</index><x>196.05661</x><y>687.13586</y></point><point><index>3</index><x>169.04047</x><y>700.80286</y></point><point><index>4</index><x>148.06323</x><y>717.0125</y></point><point><index>5</index><x>135.0319</x><y>733.2222</y></point><point><index>6</index><x>125.17896</x><y>751.6568</y></point><point><index>7</index><x>117.86871</x><y>768.1843</y></point><point><index>8</index><x>113.10116</x><y>782.48694</y></point><point><index>9</index><x>111.51198</x><y>804.09985</y></point><point><index>10</index><x>101.06943</x><y>2286.2957</y></point><point><index>11</index><x>103.8845</x><y>2310.973</y></point><point><index>12</index><x>112.44851</x><y>2337.5664</y></point><point><index>13</index><x>124.618416</x><y>2359.6526</y></point><point><index>14</index><x>140.39423</x><y>2375.8792</y></point><point><index>15</index><x>153.91635</x><y>2385.7954</y></point><point><index>16</index><x>166.537</x><y>2393.4578</y></point><point><index>17</index><x>183.66502</x><y>2398.8667</y></point><point><index>18</index><x>198.53935</x><y>2404.7263</y></point><point><index>19</index><x>214.7659</x><y>2406.98</y></point><point><index>20</index><x>2163.3735</x><y>2387.357</y></point><point><index>21</index><x>3846.9712</x><y>2349.1294</y></point><point><index>22</index><x>3867.705</x><y>2347.3264</y></point><point><index>23</index><x>3888.8896</x><y>2338.3115</y></point><point><index>24</index><x>3909.6238</x><y>2327.494</y></point><point><index>25</index><x>3922.2444</x><y>2317.5776</y></point><point><index>26</index><x>3930.8083</x><y>2306.76</y></point><point><index>27</index><x>3939.823</x><y>2293.2378</y></point><point><index>28</index><x>3950.6409</x><y>2277.9128</y></point><point><index>29</index><x>3955.5989</x><y>2264.3906</y></point><point><index>30</index><x>3961.0078</x><y>2245.9104</y></point><point><index>31</index><x>3963.2615</x><y>2232.839</y></point><point><index>32</index><x>3921.9062</x><y>749.38794</y></point><point><index>33</index><x>3920.1033</x><y>730.9077</y></point><point><index>34</index><x>3914.244</x><y>711.526</y></point><point><index>35</index><x>3904.3276</x><y>693.0458</y></point><point><index>36</index><x>3893.059</x><y>678.6222</y></point><point><index>37</index><x>3871.8745</x><y>658.78973</y></point><point><index>38</index><x>3849.7883</x><y>646.16907</y></point><point><index>39</index><x>3834.0125</x><y>639.408</y></point><point><index>40</index><x>3813.2786</x><y>634.4499</y></point><point><index>41</index><x>1744.7546</x><y>658.3357</y></point></segmentation></object><segmented>1</segmented><size><depth>3</depth><height>3024</height><width>4032</width></size><source><database>labelingtool/125-ISI-Typlabelchina-Schilder</database></source></annotation>