<?xml version="1.0" encoding="UTF-8" standalone="yes"?><annotation><filename>image21132.jpg</filename><object><bndbox><xmax>3763.356</xmax><xmin>89.451965</xmin><ymax>2012.1309</ymax><ymin>375.60916</ymin></bndbox><cadmodelname></cadmodelname><id>1</id><name>Typlabel-China</name><partId></partId><segmentation><point><index>0</index><x>249.35179</x><y>382.0541</y></point><point><index>1</index><x>230.17552</x><y>383.33252</y></point><point><index>2</index><x>213.5561</x><y>388.4462</y></point><point><index>3</index><x>189.90538</x><y>397.3951</y></point><point><index>4</index><x>176.482</x><y>406.34402</y></point><point><index>5</index><x>163.05861</x><y>418.489</y></point><point><index>6</index><x>150.27444</x><y>429.35556</y></point><point><index>7</index><x>139.40788</x><y>449.81024</y></point><point><index>8</index><x>130.45897</x><y>473.46097</y></point><point><index>9</index><x>127.262924</x><y>493.27643</y></point><point><index>10</index><x>89.451965</x><y>1902.3956</y></point><point><index>11</index><x>91.67633</x><y>1922.4149</y></point><point><index>12</index><x>102.79816</x><y>1946.8829</y></point><point><index>13</index><x>114.66143</x><y>1968.385</y></point><point><index>14</index><x>129.49052</x><y>1983.9556</y></point><point><index>15</index><x>149.50981</x><y>1997.3018</y></point><point><index>16</index><x>164.33891</x><y>2005.4578</y></point><point><index>17</index><x>189.54839</x><y>2012.1309</y></point><point><index>18</index><x>1966.231</x><y>2004.8015</y></point><point><index>19</index><x>3657.8833</x><y>1995.7548</y></point><point><index>20</index><x>3681.7725</x><y>1992.1489</y></point><point><index>21</index><x>3698.4497</x><y>1983.5848</y></point><point><index>22</index><x>3712.8733</x><y>1975.9224</y></point><point><index>23</index><x>3723.6912</x><y>1968.2598</y></point><point><index>24</index><x>3736.3118</x><y>1955.6392</y></point><point><index>25</index><x>3747.1294</x><y>1939.4126</y></point><point><index>26</index><x>3752.989</x><y>1928.595</y></point><point><index>27</index><x>3759.75</x><y>1910.5654</y></point><point><index>28</index><x>3763.356</x><y>1899.7477</y></point><point><index>29</index><x>3763.356</x><y>1884.4226</y></point><point><index>30</index><x>3738.1494</x><y>483.7955</y></point><point><index>31</index><x>3734.0928</x><y>464.4138</y></point><point><index>32</index><x>3725.9795</x><y>444.58133</y></point><point><index>33</index><x>3716.9648</x><y>430.15775</y></point><point><index>34</index><x>3704.3442</x><y>414.83267</y></point><point><index>35</index><x>3691.7236</x><y>404.91644</y></point><point><index>36</index><x>3675.497</x><y>393.19727</y></point><point><index>37</index><x>3654.3123</x><y>385.08398</y></point><point><index>38</index><x>3630.874</x><y>379.67514</y></point><point><index>39</index><x>1657.0433</x><y>375.60916</y></point></segmentation></object><segmented>1</segmented><size><depth>3</depth><height>3024</height><width>4032</width></size><source><database>labelingtool/125-ISI-Typlabelchina-Schilder</database></source></annotation>